URL	Name	Order	Sample?
sample-round	Sample Round	10	yes
prologue	Star Rats	20	no
events	Events	30	no

the-investigation	The Investigation	100	no
the-ministry	The Ministry	200	no
noirleans	Noirleans	300	no
lake-eerie	Lake Eerie	310	no
the-quest-coast	The Quest Coast	320	no
new-you-city	New You City	330	no
recipeoria	Recipeoria	340	no
heartford	Heartford	350	no
whoston	Whoston	360	no
reference-point	Reference Point	370	no
howtoona	Howtoona	380	no
sci-ficisco	Sci-Ficisco	390	no
plot-device	Plot Device	400	no
endgame	Tollbooth	500	no
